Handle,Title,Body (HTML),Vendor,Product Type,Tags,Published,Option1 Name,Option1 Value,Option2 Name,Option2 Value,Variant SKU,Variant Grams,Variant Inventory Tracker,Variant Inventory Qty,Variant Inventory Policy,Variant Fulfillment Service,Variant Price,Variant Compare At Price,Variant Requires Shipping,Variant Taxable,Image Src,Image Position,Image Alt Text,Status
mens-premium-graphic-t-shirt,Premium Graphic T-Shirt,"Elevate your street aesthetic with the Urban Vogue Premium Graphic T-Shirt. Made from 280 GSM heavyweight combed cotton, it offers a thick structured fit, dropped shoulders, and a bold screen-printed graphic on the chest. Designed to stay boxy and soft wash after wash.",Urban Vogue,T-Shirt,"Men, T-Shirt, Premium, New Arrivals, Best Sellers",true,Size,XS,Color,Charcoal Black,UV-M-PREMIUM-GRAPHIC-T-SHIRT-CHA-XS,300,shopify,50,deny,manual,1499,2199,true,true,assets/mens_graphic_tee.png,1,Premium Graphic T-Shirt,active
mens-premium-graphic-t-shirt,,,,,,,,S,,Charcoal Black,UV-M-PREMIUM-GRAPHIC-T-SHIRT-CHA-S,300,shopify,50,deny,manual,1499,2199,true,true,,,,
mens-premium-graphic-t-shirt,,,,,,,,M,,Charcoal Black,UV-M-PREMIUM-GRAPHIC-T-SHIRT-CHA-M,300,shopify,50,deny,manual,1499,2199,true,true,,,,
mens-premium-graphic-t-shirt,,,,,,,,L,,Charcoal Black,UV-M-PREMIUM-GRAPHIC-T-SHIRT-CHA-L,300,shopify,50,deny,manual,1499,2199,true,true,,,,
mens-premium-graphic-t-shirt,,,,,,,,XL,,Charcoal Black,UV-M-PREMIUM-GRAPHIC-T-SHIRT-CHA-XL,300,shopify,50,deny,manual,1499,2199,true,true,,,,
mens-premium-graphic-t-shirt,,,,,,,,XXL,,Charcoal Black,UV-M-PREMIUM-GRAPHIC-T-SHIRT-CHA-XXL,300,shopify,50,deny,manual,1499,2199,true,true,,,,
mens-premium-graphic-t-shirt,,,,,,,,XS,,Off-White,UV-M-PREMIUM-GRAPHIC-T-SHIRT-OFF-XS,300,shopify,50,deny,manual,1499,2199,true,true,,,,
mens-premium-graphic-t-shirt,,,,,,,,S,,Off-White,UV-M-PREMIUM-GRAPHIC-T-SHIRT-OFF-S,300,shopify,50,deny,manual,1499,2199,true,true,,,,
mens-premium-graphic-t-shirt,,,,,,,,M,,Off-White,UV-M-PREMIUM-GRAPHIC-T-SHIRT-OFF-M,300,shopify,50,deny,manual,1499,2199,true,true,,,,
mens-premium-graphic-t-shirt,,,,,,,,L,,Off-White,UV-M-PREMIUM-GRAPHIC-T-SHIRT-OFF-L,300,shopify,50,deny,manual,1499,2199,true,true,,,,
mens-premium-graphic-t-shirt,,,,,,,,XL,,Off-White,UV-M-PREMIUM-GRAPHIC-T-SHIRT-OFF-XL,300,shopify,50,deny,manual,1499,2199,true,true,,,,
mens-premium-graphic-t-shirt,,,,,,,,XXL,,Off-White,UV-M-PREMIUM-GRAPHIC-T-SHIRT-OFF-XXL,300,shopify,50,deny,manual,1499,2199,true,true,,,,
mens-premium-graphic-t-shirt,,,,,,,,XS,,Sage Green,UV-M-PREMIUM-GRAPHIC-T-SHIRT-SAG-XS,300,shopify,50,deny,manual,1499,2199,true,true,,,,
mens-premium-graphic-t-shirt,,,,,,,,S,,Sage Green,UV-M-PREMIUM-GRAPHIC-T-SHIRT-SAG-S,300,shopify,50,deny,manual,1499,2199,true,true,,,,
mens-premium-graphic-t-shirt,,,,,,,,M,,Sage Green,UV-M-PREMIUM-GRAPHIC-T-SHIRT-SAG-M,300,shopify,50,deny,manual,1499,2199,true,true,,,,
mens-premium-graphic-t-shirt,,,,,,,,L,,Sage Green,UV-M-PREMIUM-GRAPHIC-T-SHIRT-SAG-L,300,shopify,50,deny,manual,1499,2199,true,true,,,,
mens-premium-graphic-t-shirt,,,,,,,,XL,,Sage Green,UV-M-PREMIUM-GRAPHIC-T-SHIRT-SAG-XL,300,shopify,50,deny,manual,1499,2199,true,true,,,,
mens-premium-graphic-t-shirt,,,,,,,,XXL,,Sage Green,UV-M-PREMIUM-GRAPHIC-T-SHIRT-SAG-XXL,300,shopify,50,deny,manual,1499,2199,true,true,,,,
mens-casual-oversized-hoodie,Casual Oversized Hoodie,"The cornerstone of streetwear. Our Casual Oversized Hoodie is engineered from ultra-dense 420 GSM French Terry cotton. Features a double-lined hood (drawstring-free for a clean profile), heavy kangaroo pocket, and secure ribbed cuffs.",Urban Vogue,Hoodie,"Men, Hoodie, Essentials, New Arrivals, Trending Now",true,Size,XS,Color,Midnight Black,UV-M-CASUAL-OVERSIZED-HOODIE-MID-XS,300,shopify,50,deny,manual,3499,4999,true,true,assets/mens_oversized_hoodie.png,1,Casual Oversized Hoodie,active
mens-casual-oversized-hoodie,,,,,,,,S,,Midnight Black,UV-M-CASUAL-OVERSIZED-HOODIE-MID-S,300,shopify,50,deny,manual,3499,4999,true,true,,,,
mens-casual-oversized-hoodie,,,,,,,,M,,Midnight Black,UV-M-CASUAL-OVERSIZED-HOODIE-MID-M,300,shopify,50,deny,manual,3499,4999,true,true,,,,
mens-casual-oversized-hoodie,,,,,,,,L,,Midnight Black,UV-M-CASUAL-OVERSIZED-HOODIE-MID-L,300,shopify,50,deny,manual,3499,4999,true,true,,,,
mens-casual-oversized-hoodie,,,,,,,,XL,,Midnight Black,UV-M-CASUAL-OVERSIZED-HOODIE-MID-XL,300,shopify,50,deny,manual,3499,4999,true,true,,,,
mens-casual-oversized-hoodie,,,,,,,,XXL,,Midnight Black,UV-M-CASUAL-OVERSIZED-HOODIE-MID-XXL,300,shopify,50,deny,manual,3499,4999,true,true,,,,
mens-casual-oversized-hoodie,,,,,,,,XS,,Coral Red,UV-M-CASUAL-OVERSIZED-HOODIE-COR-XS,300,shopify,50,deny,manual,3499,4999,true,true,,,,
mens-casual-oversized-hoodie,,,,,,,,S,,Coral Red,UV-M-CASUAL-OVERSIZED-HOODIE-COR-S,300,shopify,50,deny,manual,3499,4999,true,true,,,,
mens-casual-oversized-hoodie,,,,,,,,M,,Coral Red,UV-M-CASUAL-OVERSIZED-HOODIE-COR-M,300,shopify,50,deny,manual,3499,4999,true,true,,,,
mens-casual-oversized-hoodie,,,,,,,,L,,Coral Red,UV-M-CASUAL-OVERSIZED-HOODIE-COR-L,300,shopify,50,deny,manual,3499,4999,true,true,,,,
mens-casual-oversized-hoodie,,,,,,,,XL,,Coral Red,UV-M-CASUAL-OVERSIZED-HOODIE-COR-XL,300,shopify,50,deny,manual,3499,4999,true,true,,,,
mens-casual-oversized-hoodie,,,,,,,,XXL,,Coral Red,UV-M-CASUAL-OVERSIZED-HOODIE-COR-XXL,300,shopify,50,deny,manual,3499,4999,true,true,,,,
mens-casual-oversized-hoodie,,,,,,,,XS,,Soft Ivory,UV-M-CASUAL-OVERSIZED-HOODIE-SOF-XS,300,shopify,50,deny,manual,3499,4999,true,true,,,,
mens-casual-oversized-hoodie,,,,,,,,S,,Soft Ivory,UV-M-CASUAL-OVERSIZED-HOODIE-SOF-S,300,shopify,50,deny,manual,3499,4999,true,true,,,,
mens-casual-oversized-hoodie,,,,,,,,M,,Soft Ivory,UV-M-CASUAL-OVERSIZED-HOODIE-SOF-M,300,shopify,50,deny,manual,3499,4999,true,true,,,,
mens-casual-oversized-hoodie,,,,,,,,L,,Soft Ivory,UV-M-CASUAL-OVERSIZED-HOODIE-SOF-L,300,shopify,50,deny,manual,3499,4999,true,true,,,,
mens-casual-oversized-hoodie,,,,,,,,XL,,Soft Ivory,UV-M-CASUAL-OVERSIZED-HOODIE-SOF-XL,300,shopify,50,deny,manual,3499,4999,true,true,,,,
mens-casual-oversized-hoodie,,,,,,,,XXL,,Soft Ivory,UV-M-CASUAL-OVERSIZED-HOODIE-SOF-XXL,300,shopify,50,deny,manual,3499,4999,true,true,,,,
womens-oversized-fashion-tee,Oversized Fashion Tee,A perfect blend of luxury comfort and relaxed style. This Women's Oversized Fashion Tee is crafted from 240 GSM organic cotton with dropped shoulders and a wider neck rib. A premium streetwear basic for everyday wear.,Urban Vogue,T-Shirt,"Women, T-Shirt, Essentials, Best Sellers, Trending Now",true,Size,XS,Color,Soft Ivory,UV-WOM-OVERSIZED-FASHION-TEE-SOF-XS,300,shopify,50,deny,manual,1499,1999,true,true,assets/womens_fashion_tee.png,1,Oversized Fashion Tee,active
womens-oversized-fashion-tee,,,,,,,,S,,Soft Ivory,UV-WOM-OVERSIZED-FASHION-TEE-SOF-S,300,shopify,50,deny,manual,1499,1999,true,true,,,,
womens-oversized-fashion-tee,,,,,,,,M,,Soft Ivory,UV-WOM-OVERSIZED-FASHION-TEE-SOF-M,300,shopify,50,deny,manual,1499,1999,true,true,,,,
womens-oversized-fashion-tee,,,,,,,,L,,Soft Ivory,UV-WOM-OVERSIZED-FASHION-TEE-SOF-L,300,shopify,50,deny,manual,1499,1999,true,true,,,,
womens-oversized-fashion-tee,,,,,,,,XL,,Soft Ivory,UV-WOM-OVERSIZED-FASHION-TEE-SOF-XL,300,shopify,50,deny,manual,1499,1999,true,true,,,,
womens-oversized-fashion-tee,,,,,,,,XXL,,Soft Ivory,UV-WOM-OVERSIZED-FASHION-TEE-SOF-XXL,300,shopify,50,deny,manual,1499,1999,true,true,,,,
womens-oversized-fashion-tee,,,,,,,,XS,,Sunset Peach,UV-WOM-OVERSIZED-FASHION-TEE-SUN-XS,300,shopify,50,deny,manual,1499,1999,true,true,,,,
womens-oversized-fashion-tee,,,,,,,,S,,Sunset Peach,UV-WOM-OVERSIZED-FASHION-TEE-SUN-S,300,shopify,50,deny,manual,1499,1999,true,true,,,,
womens-oversized-fashion-tee,,,,,,,,M,,Sunset Peach,UV-WOM-OVERSIZED-FASHION-TEE-SUN-M,300,shopify,50,deny,manual,1499,1999,true,true,,,,
womens-oversized-fashion-tee,,,,,,,,L,,Sunset Peach,UV-WOM-OVERSIZED-FASHION-TEE-SUN-L,300,shopify,50,deny,manual,1499,1999,true,true,,,,
womens-oversized-fashion-tee,,,,,,,,XL,,Sunset Peach,UV-WOM-OVERSIZED-FASHION-TEE-SUN-XL,300,shopify,50,deny,manual,1499,1999,true,true,,,,
womens-oversized-fashion-tee,,,,,,,,XXL,,Sunset Peach,UV-WOM-OVERSIZED-FASHION-TEE-SUN-XXL,300,shopify,50,deny,manual,1499,1999,true,true,,,,
womens-oversized-fashion-tee,,,,,,,,XS,,Sage Green,UV-WOM-OVERSIZED-FASHION-TEE-SAG-XS,300,shopify,50,deny,manual,1499,1999,true,true,,,,
womens-oversized-fashion-tee,,,,,,,,S,,Sage Green,UV-WOM-OVERSIZED-FASHION-TEE-SAG-S,300,shopify,50,deny,manual,1499,1999,true,true,,,,
womens-oversized-fashion-tee,,,,,,,,M,,Sage Green,UV-WOM-OVERSIZED-FASHION-TEE-SAG-M,300,shopify,50,deny,manual,1499,1999,true,true,,,,
womens-oversized-fashion-tee,,,,,,,,L,,Sage Green,UV-WOM-OVERSIZED-FASHION-TEE-SAG-L,300,shopify,50,deny,manual,1499,1999,true,true,,,,
womens-oversized-fashion-tee,,,,,,,,XL,,Sage Green,UV-WOM-OVERSIZED-FASHION-TEE-SAG-XL,300,shopify,50,deny,manual,1499,1999,true,true,,,,
womens-oversized-fashion-tee,,,,,,,,XXL,,Sage Green,UV-WOM-OVERSIZED-FASHION-TEE-SAG-XXL,300,shopify,50,deny,manual,1499,1999,true,true,,,,
womens-summer-coord-set,Summer Co-Ord Set,Effortless summer coordination. This Summer Co-Ord Set includes a relaxed crop shirt and matching high-waisted shorts made from a premium breathable linen-cotton blend. Perfect for beach strolls or casual cafe outings.,Urban Vogue,Co-Ord Set,"Women, Set, Summer, New Arrivals, Sale",true,Size,XS,Color,Coral Red,UV-WOM-SUMMER-COORD-SET-COR-XS,300,shopify,50,deny,manual,2999,4499,true,true,assets/womens_coord_set.png,1,Summer Co-Ord Set,active
womens-summer-coord-set,,,,,,,,S,,Coral Red,UV-WOM-SUMMER-COORD-SET-COR-S,300,shopify,50,deny,manual,2999,4499,true,true,,,,
womens-summer-coord-set,,,,,,,,M,,Coral Red,UV-WOM-SUMMER-COORD-SET-COR-M,300,shopify,50,deny,manual,2999,4499,true,true,,,,
womens-summer-coord-set,,,,,,,,L,,Coral Red,UV-WOM-SUMMER-COORD-SET-COR-L,300,shopify,50,deny,manual,2999,4499,true,true,,,,
womens-summer-coord-set,,,,,,,,XL,,Coral Red,UV-WOM-SUMMER-COORD-SET-COR-XL,300,shopify,50,deny,manual,2999,4499,true,true,,,,
womens-summer-coord-set,,,,,,,,XXL,,Coral Red,UV-WOM-SUMMER-COORD-SET-COR-XXL,300,shopify,50,deny,manual,2999,4499,true,true,,,,
womens-summer-coord-set,,,,,,,,XS,,Soft Ivory,UV-WOM-SUMMER-COORD-SET-SOF-XS,300,shopify,50,deny,manual,2999,4499,true,true,,,,
womens-summer-coord-set,,,,,,,,S,,Soft Ivory,UV-WOM-SUMMER-COORD-SET-SOF-S,300,shopify,50,deny,manual,2999,4499,true,true,,,,
womens-summer-coord-set,,,,,,,,M,,Soft Ivory,UV-WOM-SUMMER-COORD-SET-SOF-M,300,shopify,50,deny,manual,2999,4499,true,true,,,,
womens-summer-coord-set,,,,,,,,L,,Soft Ivory,UV-WOM-SUMMER-COORD-SET-SOF-L,300,shopify,50,deny,manual,2999,4499,true,true,,,,
womens-summer-coord-set,,,,,,,,XL,,Soft Ivory,UV-WOM-SUMMER-COORD-SET-SOF-XL,300,shopify,50,deny,manual,2999,4499,true,true,,,,
womens-summer-coord-set,,,,,,,,XXL,,Soft Ivory,UV-WOM-SUMMER-COORD-SET-SOF-XXL,300,shopify,50,deny,manual,2999,4499,true,true,,,,
womens-summer-coord-set,,,,,,,,XS,,Sage Green,UV-WOM-SUMMER-COORD-SET-SAG-XS,300,shopify,50,deny,manual,2999,4499,true,true,,,,
womens-summer-coord-set,,,,,,,,S,,Sage Green,UV-WOM-SUMMER-COORD-SET-SAG-S,300,shopify,50,deny,manual,2999,4499,true,true,,,,
womens-summer-coord-set,,,,,,,,M,,Sage Green,UV-WOM-SUMMER-COORD-SET-SAG-M,300,shopify,50,deny,manual,2999,4499,true,true,,,,
womens-summer-coord-set,,,,,,,,L,,Sage Green,UV-WOM-SUMMER-COORD-SET-SAG-L,300,shopify,50,deny,manual,2999,4499,true,true,,,,
womens-summer-coord-set,,,,,,,,XL,,Sage Green,UV-WOM-SUMMER-COORD-SET-SAG-XL,300,shopify,50,deny,manual,2999,4499,true,true,,,,
womens-summer-coord-set,,,,,,,,XXL,,Sage Green,UV-WOM-SUMMER-COORD-SET-SAG-XXL,300,shopify,50,deny,manual,2999,4499,true,true,,,,
womens-relaxed-fit-sweatshirt,Relaxed Fit Sweatshirt,"A cozy, minimalist wardrobe essential. Features a loose drop-shoulder silhouette, heavyweight French Terry fabric, and double-stitched seam details. Cozy comfort meets high streetwear aesthetics.",Urban Vogue,Sweatshirt,"Women, Sweatshirt, Essentials, Trending Now, Sale",true,Size,XS,Color,Charcoal Black,UV-WOM-RELAXED-FIT-SWEATSHIRT-CHA-XS,300,shopify,50,deny,manual,2499,3499,true,true,assets/womens_sweatshirt.png,1,Relaxed Fit Sweatshirt,active
womens-relaxed-fit-sweatshirt,,,,,,,,S,,Charcoal Black,UV-WOM-RELAXED-FIT-SWEATSHIRT-CHA-S,300,shopify,50,deny,manual,2499,3499,true,true,,,,
womens-relaxed-fit-sweatshirt,,,,,,,,M,,Charcoal Black,UV-WOM-RELAXED-FIT-SWEATSHIRT-CHA-M,300,shopify,50,deny,manual,2499,3499,true,true,,,,
womens-relaxed-fit-sweatshirt,,,,,,,,L,,Charcoal Black,UV-WOM-RELAXED-FIT-SWEATSHIRT-CHA-L,300,shopify,50,deny,manual,2499,3499,true,true,,,,
womens-relaxed-fit-sweatshirt,,,,,,,,XL,,Charcoal Black,UV-WOM-RELAXED-FIT-SWEATSHIRT-CHA-XL,300,shopify,50,deny,manual,2499,3499,true,true,,,,
womens-relaxed-fit-sweatshirt,,,,,,,,XXL,,Charcoal Black,UV-WOM-RELAXED-FIT-SWEATSHIRT-CHA-XXL,300,shopify,50,deny,manual,2499,3499,true,true,,,,
womens-relaxed-fit-sweatshirt,,,,,,,,XS,,Soft Ivory,UV-WOM-RELAXED-FIT-SWEATSHIRT-SOF-XS,300,shopify,50,deny,manual,2499,3499,true,true,,,,
womens-relaxed-fit-sweatshirt,,,,,,,,S,,Soft Ivory,UV-WOM-RELAXED-FIT-SWEATSHIRT-SOF-S,300,shopify,50,deny,manual,2499,3499,true,true,,,,
womens-relaxed-fit-sweatshirt,,,,,,,,M,,Soft Ivory,UV-WOM-RELAXED-FIT-SWEATSHIRT-SOF-M,300,shopify,50,deny,manual,2499,3499,true,true,,,,
womens-relaxed-fit-sweatshirt,,,,,,,,L,,Soft Ivory,UV-WOM-RELAXED-FIT-SWEATSHIRT-SOF-L,300,shopify,50,deny,manual,2499,3499,true,true,,,,
womens-relaxed-fit-sweatshirt,,,,,,,,XL,,Soft Ivory,UV-WOM-RELAXED-FIT-SWEATSHIRT-SOF-XL,300,shopify,50,deny,manual,2499,3499,true,true,,,,
womens-relaxed-fit-sweatshirt,,,,,,,,XXL,,Soft Ivory,UV-WOM-RELAXED-FIT-SWEATSHIRT-SOF-XXL,300,shopify,50,deny,manual,2499,3499,true,true,,,,
womens-relaxed-fit-sweatshirt,,,,,,,,XS,,Sunset Peach,UV-WOM-RELAXED-FIT-SWEATSHIRT-SUN-XS,300,shopify,50,deny,manual,2499,3499,true,true,,,,
womens-relaxed-fit-sweatshirt,,,,,,,,S,,Sunset Peach,UV-WOM-RELAXED-FIT-SWEATSHIRT-SUN-S,300,shopify,50,deny,manual,2499,3499,true,true,,,,
womens-relaxed-fit-sweatshirt,,,,,,,,M,,Sunset Peach,UV-WOM-RELAXED-FIT-SWEATSHIRT-SUN-M,300,shopify,50,deny,manual,2499,3499,true,true,,,,
womens-relaxed-fit-sweatshirt,,,,,,,,L,,Sunset Peach,UV-WOM-RELAXED-FIT-SWEATSHIRT-SUN-L,300,shopify,50,deny,manual,2499,3499,true,true,,,,
womens-relaxed-fit-sweatshirt,,,,,,,,XL,,Sunset Peach,UV-WOM-RELAXED-FIT-SWEATSHIRT-SUN-XL,300,shopify,50,deny,manual,2499,3499,true,true,,,,
womens-relaxed-fit-sweatshirt,,,,,,,,XXL,,Sunset Peach,UV-WOM-RELAXED-FIT-SWEATSHIRT-SUN-XXL,300,shopify,50,deny,manual,2499,3499,true,true,,,,
kids-printed-t-shirt,Kids Printed T-Shirt,"Add a playful pop to their wardrobe with the Kids Printed Tee. Made from 100% hypoallergenic organic cotton (180 GSM), this tee is incredibly soft on children's skin while remaining highly durable for active play. Features a vibrant water-based print.",Urban Vogue,T-Shirt,"Kids, T-Shirt, Organic, New Arrivals",true,Size,XS,Color,Soft Ivory,UV-K-PRINTED-T-SHIRT-SOF-XS,300,shopify,50,deny,manual,899,1299,true,true,assets/kids_printed_tee.png,1,Kids Printed T-Shirt,active
kids-printed-t-shirt,,,,,,,,S,,Soft Ivory,UV-K-PRINTED-T-SHIRT-SOF-S,300,shopify,50,deny,manual,899,1299,true,true,,,,
kids-printed-t-shirt,,,,,,,,M,,Soft Ivory,UV-K-PRINTED-T-SHIRT-SOF-M,300,shopify,50,deny,manual,899,1299,true,true,,,,
kids-printed-t-shirt,,,,,,,,L,,Soft Ivory,UV-K-PRINTED-T-SHIRT-SOF-L,300,shopify,50,deny,manual,899,1299,true,true,,,,
kids-printed-t-shirt,,,,,,,,XL,,Soft Ivory,UV-K-PRINTED-T-SHIRT-SOF-XL,300,shopify,50,deny,manual,899,1299,true,true,,,,
kids-printed-t-shirt,,,,,,,,XXL,,Soft Ivory,UV-K-PRINTED-T-SHIRT-SOF-XXL,300,shopify,50,deny,manual,899,1299,true,true,,,,
kids-printed-t-shirt,,,,,,,,XS,,Sunset Peach,UV-K-PRINTED-T-SHIRT-SUN-XS,300,shopify,50,deny,manual,899,1299,true,true,,,,
kids-printed-t-shirt,,,,,,,,S,,Sunset Peach,UV-K-PRINTED-T-SHIRT-SUN-S,300,shopify,50,deny,manual,899,1299,true,true,,,,
kids-printed-t-shirt,,,,,,,,M,,Sunset Peach,UV-K-PRINTED-T-SHIRT-SUN-M,300,shopify,50,deny,manual,899,1299,true,true,,,,
kids-printed-t-shirt,,,,,,,,L,,Sunset Peach,UV-K-PRINTED-T-SHIRT-SUN-L,300,shopify,50,deny,manual,899,1299,true,true,,,,
kids-printed-t-shirt,,,,,,,,XL,,Sunset Peach,UV-K-PRINTED-T-SHIRT-SUN-XL,300,shopify,50,deny,manual,899,1299,true,true,,,,
kids-printed-t-shirt,,,,,,,,XXL,,Sunset Peach,UV-K-PRINTED-T-SHIRT-SUN-XXL,300,shopify,50,deny,manual,899,1299,true,true,,,,
kids-printed-t-shirt,,,,,,,,XS,,Sage Green,UV-K-PRINTED-T-SHIRT-SAG-XS,300,shopify,50,deny,manual,899,1299,true,true,,,,
kids-printed-t-shirt,,,,,,,,S,,Sage Green,UV-K-PRINTED-T-SHIRT-SAG-S,300,shopify,50,deny,manual,899,1299,true,true,,,,
kids-printed-t-shirt,,,,,,,,M,,Sage Green,UV-K-PRINTED-T-SHIRT-SAG-M,300,shopify,50,deny,manual,899,1299,true,true,,,,
kids-printed-t-shirt,,,,,,,,L,,Sage Green,UV-K-PRINTED-T-SHIRT-SAG-L,300,shopify,50,deny,manual,899,1299,true,true,,,,
kids-printed-t-shirt,,,,,,,,XL,,Sage Green,UV-K-PRINTED-T-SHIRT-SAG-XL,300,shopify,50,deny,manual,899,1299,true,true,,,,
kids-printed-t-shirt,,,,,,,,XXL,,Sage Green,UV-K-PRINTED-T-SHIRT-SAG-XXL,300,shopify,50,deny,manual,899,1299,true,true,,,,
kids-casual-hoodie,Kids Casual Hoodie,"Keep your little ones cozy and stylish. This Kids Casual Hoodie is built from a soft-brushed organic cotton fleece blend. Features a comfortable hood, spacious front pockets, and elastic cuffs that offer ease of movement.",Urban Vogue,Hoodie,"Kids, Hoodie, Fleece, Trending Now",true,Size,XS,Color,Coral Red,UV-K-CASUAL-HOODIE-COR-XS,300,shopify,50,deny,manual,1799,2499,true,true,assets/kids_casual_hoodie.png,1,Kids Casual Hoodie,active
kids-casual-hoodie,,,,,,,,S,,Coral Red,UV-K-CASUAL-HOODIE-COR-S,300,shopify,50,deny,manual,1799,2499,true,true,,,,
kids-casual-hoodie,,,,,,,,M,,Coral Red,UV-K-CASUAL-HOODIE-COR-M,300,shopify,50,deny,manual,1799,2499,true,true,,,,
kids-casual-hoodie,,,,,,,,L,,Coral Red,UV-K-CASUAL-HOODIE-COR-L,300,shopify,50,deny,manual,1799,2499,true,true,,,,
kids-casual-hoodie,,,,,,,,XL,,Coral Red,UV-K-CASUAL-HOODIE-COR-XL,300,shopify,50,deny,manual,1799,2499,true,true,,,,
kids-casual-hoodie,,,,,,,,XXL,,Coral Red,UV-K-CASUAL-HOODIE-COR-XXL,300,shopify,50,deny,manual,1799,2499,true,true,,,,
kids-casual-hoodie,,,,,,,,XS,,Midnight Black,UV-K-CASUAL-HOODIE-MID-XS,300,shopify,50,deny,manual,1799,2499,true,true,,,,
kids-casual-hoodie,,,,,,,,S,,Midnight Black,UV-K-CASUAL-HOODIE-MID-S,300,shopify,50,deny,manual,1799,2499,true,true,,,,
kids-casual-hoodie,,,,,,,,M,,Midnight Black,UV-K-CASUAL-HOODIE-MID-M,300,shopify,50,deny,manual,1799,2499,true,true,,,,
kids-casual-hoodie,,,,,,,,L,,Midnight Black,UV-K-CASUAL-HOODIE-MID-L,300,shopify,50,deny,manual,1799,2499,true,true,,,,
kids-casual-hoodie,,,,,,,,XL,,Midnight Black,UV-K-CASUAL-HOODIE-MID-XL,300,shopify,50,deny,manual,1799,2499,true,true,,,,
kids-casual-hoodie,,,,,,,,XXL,,Midnight Black,UV-K-CASUAL-HOODIE-MID-XXL,300,shopify,50,deny,manual,1799,2499,true,true,,,,
kids-casual-hoodie,,,,,,,,XS,,Soft Ivory,UV-K-CASUAL-HOODIE-SOF-XS,300,shopify,50,deny,manual,1799,2499,true,true,,,,
kids-casual-hoodie,,,,,,,,S,,Soft Ivory,UV-K-CASUAL-HOODIE-SOF-S,300,shopify,50,deny,manual,1799,2499,true,true,,,,
kids-casual-hoodie,,,,,,,,M,,Soft Ivory,UV-K-CASUAL-HOODIE-SOF-M,300,shopify,50,deny,manual,1799,2499,true,true,,,,
kids-casual-hoodie,,,,,,,,L,,Soft Ivory,UV-K-CASUAL-HOODIE-SOF-L,300,shopify,50,deny,manual,1799,2499,true,true,,,,
kids-casual-hoodie,,,,,,,,XL,,Soft Ivory,UV-K-CASUAL-HOODIE-SOF-XL,300,shopify,50,deny,manual,1799,2499,true,true,,,,
kids-casual-hoodie,,,,,,,,XXL,,Soft Ivory,UV-K-CASUAL-HOODIE-SOF-XXL,300,shopify,50,deny,manual,1799,2499,true,true,,,,
kids-matching-set,Kids Matching Set,"The ultimate lounge and play combo. This set features a matching crewneck sweatshirt and joggers, crafted from breathable organic loopback cotton. Includes an elastic waistband with drawcords and side pockets.",Urban Vogue,Matching Set,"Kids, Set, Lounge, New Arrivals, Sale",true,Size,XS,Color,Charcoal Black,UV-K-MATCHING-SET-CHA-XS,300,shopify,50,deny,manual,1999,2999,true,true,assets/kids_matching_set.png,1,Kids Matching Set,active
kids-matching-set,,,,,,,,S,,Charcoal Black,UV-K-MATCHING-SET-CHA-S,300,shopify,50,deny,manual,1999,2999,true,true,,,,
kids-matching-set,,,,,,,,M,,Charcoal Black,UV-K-MATCHING-SET-CHA-M,300,shopify,50,deny,manual,1999,2999,true,true,,,,
kids-matching-set,,,,,,,,L,,Charcoal Black,UV-K-MATCHING-SET-CHA-L,300,shopify,50,deny,manual,1999,2999,true,true,,,,
kids-matching-set,,,,,,,,XL,,Charcoal Black,UV-K-MATCHING-SET-CHA-XL,300,shopify,50,deny,manual,1999,2999,true,true,,,,
kids-matching-set,,,,,,,,XXL,,Charcoal Black,UV-K-MATCHING-SET-CHA-XXL,300,shopify,50,deny,manual,1999,2999,true,true,,,,
kids-matching-set,,,,,,,,XS,,Soft Ivory,UV-K-MATCHING-SET-SOF-XS,300,shopify,50,deny,manual,1999,2999,true,true,,,,
kids-matching-set,,,,,,,,S,,Soft Ivory,UV-K-MATCHING-SET-SOF-S,300,shopify,50,deny,manual,1999,2999,true,true,,,,
kids-matching-set,,,,,,,,M,,Soft Ivory,UV-K-MATCHING-SET-SOF-M,300,shopify,50,deny,manual,1999,2999,true,true,,,,
kids-matching-set,,,,,,,,L,,Soft Ivory,UV-K-MATCHING-SET-SOF-L,300,shopify,50,deny,manual,1999,2999,true,true,,,,
kids-matching-set,,,,,,,,XL,,Soft Ivory,UV-K-MATCHING-SET-SOF-XL,300,shopify,50,deny,manual,1999,2999,true,true,,,,
kids-matching-set,,,,,,,,XXL,,Soft Ivory,UV-K-MATCHING-SET-SOF-XXL,300,shopify,50,deny,manual,1999,2999,true,true,,,,
kids-matching-set,,,,,,,,XS,,Sunset Peach,UV-K-MATCHING-SET-SUN-XS,300,shopify,50,deny,manual,1999,2999,true,true,,,,
kids-matching-set,,,,,,,,S,,Sunset Peach,UV-K-MATCHING-SET-SUN-S,300,shopify,50,deny,manual,1999,2999,true,true,,,,
kids-matching-set,,,,,,,,M,,Sunset Peach,UV-K-MATCHING-SET-SUN-M,300,shopify,50,deny,manual,1999,2999,true,true,,,,
kids-matching-set,,,,,,,,L,,Sunset Peach,UV-K-MATCHING-SET-SUN-L,300,shopify,50,deny,manual,1999,2999,true,true,,,,
kids-matching-set,,,,,,,,XL,,Sunset Peach,UV-K-MATCHING-SET-SUN-XL,300,shopify,50,deny,manual,1999,2999,true,true,,,,
kids-matching-set,,,,,,,,XXL,,Sunset Peach,UV-K-MATCHING-SET-SUN-XXL,300,shopify,50,deny,manual,1999,2999,true,true,,,,

womens-modern-silk-saree,"Modern Silk Saree","A contemporary re-imagination of classic Indian drape. Crafted from premium organic linen-silk blend, this Modern Silk Saree features clean minimal borders and a modern geometric texture. Heavy, structured, and drapes like liquid metal.",Urban Vogue,Saree,"Women, Saree, Exclusive, New Arrivals, Best Sellers",true,Size,Free Size,Color,Coral Red,UV-WOM-SILK-SAREE-COR-FREESIZE,300,shopify,50,deny,manual,4999,6999,true,true,assets/womens_silk_saree.png,1,"Modern Silk Saree",active
womens-modern-silk-saree,,,,,,,,Free Size,,Soft Ivory,UV-WOM-SILK-SAREE-SOF-FREESIZE,300,shopify,50,deny,manual,4999,6999,true,true,,,,
womens-modern-silk-saree,,,,,,,,Free Size,,Midnight Black,UV-WOM-SILK-SAREE-MID-FREESIZE,300,shopify,50,deny,manual,4999,6999,true,true,,,,
womens-designer-linen-kurti,"Designer Linen Kurti","Minimalist streetwear meets ethnic aesthetics. The Designer Linen Kurti is made from high-density 220 GSM breathable linen. Features a modern band collar, concealed front button placket, drop-shoulder comfort, and side slit pockets for functional utility.",Urban Vogue,Kurti,"Women, Kurti, Linen, New Drops, Trending Now",true,Size,XS,Color,Soft Ivory,UV-WOM-LINEN-KURTI-SOF-XS,300,shopify,50,deny,manual,1899,2799,true,true,assets/womens_linen_kurti.png,1,"Designer Linen Kurti",active
womens-designer-linen-kurti,,,,,,,,S,,Soft Ivory,UV-WOM-LINEN-KURTI-SOF-S,300,shopify,50,deny,manual,1899,2799,true,true,,,,
womens-designer-linen-kurti,,,,,,,,M,,Soft Ivory,UV-WOM-LINEN-KURTI-SOF-M,300,shopify,50,deny,manual,1899,2799,true,true,,,,
womens-designer-linen-kurti,,,,,,,,L,,Soft Ivory,UV-WOM-LINEN-KURTI-SOF-L,300,shopify,50,deny,manual,1899,2799,true,true,,,,
womens-designer-linen-kurti,,,,,,,,XL,,Soft Ivory,UV-WOM-LINEN-KURTI-SOF-XL,300,shopify,50,deny,manual,1899,2799,true,true,,,,
womens-designer-linen-kurti,,,,,,,,XXL,,Soft Ivory,UV-WOM-LINEN-KURTI-SOF-XXL,300,shopify,50,deny,manual,1899,2799,true,true,,,,
womens-designer-linen-kurti,,,,,,,,XS,,Sage Green,UV-WOM-LINEN-KURTI-SAG-XS,300,shopify,50,deny,manual,1899,2799,true,true,,,,
womens-designer-linen-kurti,,,,,,,,S,,Sage Green,UV-WOM-LINEN-KURTI-SAG-S,300,shopify,50,deny,manual,1899,2799,true,true,,,,
womens-designer-linen-kurti,,,,,,,,M,,Sage Green,UV-WOM-LINEN-KURTI-SAG-M,300,shopify,50,deny,manual,1899,2799,true,true,,,,
womens-designer-linen-kurti,,,,,,,,L,,Sage Green,UV-WOM-LINEN-KURTI-SAG-L,300,shopify,50,deny,manual,1899,2799,true,true,,,,
womens-designer-linen-kurti,,,,,,,,XL,,Sage Green,UV-WOM-LINEN-KURTI-SAG-XL,300,shopify,50,deny,manual,1899,2799,true,true,,,,
womens-designer-linen-kurti,,,,,,,,XXL,,Sage Green,UV-WOM-LINEN-KURTI-SAG-XXL,300,shopify,50,deny,manual,1899,2799,true,true,,,,
womens-designer-linen-kurti,,,,,,,,XS,,Coral Red,UV-WOM-LINEN-KURTI-COR-XS,300,shopify,50,deny,manual,1899,2799,true,true,,,,
womens-designer-linen-kurti,,,,,,,,S,,Coral Red,UV-WOM-LINEN-KURTI-COR-S,300,shopify,50,deny,manual,1899,2799,true,true,,,,
womens-designer-linen-kurti,,,,,,,,M,,Coral Red,UV-WOM-LINEN-KURTI-COR-M,300,shopify,50,deny,manual,1899,2799,true,true,,,,
womens-designer-linen-kurti,,,,,,,,L,,Coral Red,UV-WOM-LINEN-KURTI-COR-L,300,shopify,50,deny,manual,1899,2799,true,true,,,,
womens-designer-linen-kurti,,,,,,,,XL,,Coral Red,UV-WOM-LINEN-KURTI-COR-XL,300,shopify,50,deny,manual,1899,2799,true,true,,,,
womens-designer-linen-kurti,,,,,,,,XXL,,Coral Red,UV-WOM-LINEN-KURTI-COR-XXL,300,shopify,50,deny,manual,1899,2799,true,true,,,,
mens-streetwear-shirt-pant,"Streetwear Shirt-Pant Set","The ultimate modern uniform. This Shirt Pant Set consists of a structured camp-collar button-down shirt and matching straight-leg trousers with an elasticized waistband. Crafted from a heavy canvas-cotton blend for a robust streetwear drape.",Urban Vogue,Co-Ord Set,"Men, Set, Shirt, Pant, Essentials, Best Sellers",true,Size,S,Color,Charcoal Black,UV-M-SHIRT-PANT-CHA-S,300,shopify,50,deny,manual,3999,5499,true,true,assets/mens_shirt_pant.png,1,"Streetwear Shirt-Pant Set",active
mens-streetwear-shirt-pant,,,,,,,,M,,Charcoal Black,UV-M-SHIRT-PANT-CHA-M,300,shopify,50,deny,manual,3999,5499,true,true,,,,
mens-streetwear-shirt-pant,,,,,,,,L,,Charcoal Black,UV-M-SHIRT-PANT-CHA-L,300,shopify,50,deny,manual,3999,5499,true,true,,,,
mens-streetwear-shirt-pant,,,,,,,,XL,,Charcoal Black,UV-M-SHIRT-PANT-CHA-XL,300,shopify,50,deny,manual,3999,5499,true,true,,,,
mens-streetwear-shirt-pant,,,,,,,,XXL,,Charcoal Black,UV-M-SHIRT-PANT-CHA-XXL,300,shopify,50,deny,manual,3999,5499,true,true,,,,
mens-streetwear-shirt-pant,,,,,,,,S,,Sage Green,UV-M-SHIRT-PANT-SAG-S,300,shopify,50,deny,manual,3999,5499,true,true,,,,
mens-streetwear-shirt-pant,,,,,,,,M,,Sage Green,UV-M-SHIRT-PANT-SAG-M,300,shopify,50,deny,manual,3999,5499,true,true,,,,
mens-streetwear-shirt-pant,,,,,,,,L,,Sage Green,UV-M-SHIRT-PANT-SAG-L,300,shopify,50,deny,manual,3999,5499,true,true,,,,
mens-streetwear-shirt-pant,,,,,,,,XL,,Sage Green,UV-M-SHIRT-PANT-SAG-XL,300,shopify,50,deny,manual,3999,5499,true,true,,,,
mens-streetwear-shirt-pant,,,,,,,,XXL,,Sage Green,UV-M-SHIRT-PANT-SAG-XXL,300,shopify,50,deny,manual,3999,5499,true,true,,,,
mens-streetwear-shirt-pant,,,,,,,,S,,Soft Ivory,UV-M-SHIRT-PANT-SOF-S,300,shopify,50,deny,manual,3999,5499,true,true,,,,
mens-streetwear-shirt-pant,,,,,,,,M,,Soft Ivory,UV-M-SHIRT-PANT-SOF-M,300,shopify,50,deny,manual,3999,5499,true,true,,,,
mens-streetwear-shirt-pant,,,,,,,,L,,Soft Ivory,UV-M-SHIRT-PANT-SOF-L,300,shopify,50,deny,manual,3999,5499,true,true,,,,
mens-streetwear-shirt-pant,,,,,,,,XL,,Soft Ivory,UV-M-SHIRT-PANT-SOF-XL,300,shopify,50,deny,manual,3999,5499,true,true,,,,
mens-streetwear-shirt-pant,,,,,,,,XXL,,Soft Ivory,UV-M-SHIRT-PANT-SOF-XXL,300,shopify,50,deny,manual,3999,5499,true,true,,,,
womens-contemporary-velvet-lehnga,"Contemporary Velvet Lehnga","Designed for high-impact presence. This Contemporary Velvet Lehnga consists of a heavyweight micro-velvet flared skirt, matching cropped top, and a lightweight organza dupatta. Features a modern geometric tonal embroidery that redefines luxury ethnic wear.",Urban Vogue,Lehnga,"Women, Lehnga, Luxury, Wedding, Exclusive",true,Size,S,Color,Midnight Black,UV-WOM-VELVET-LEHNGA-MID-S,300,shopify,50,deny,manual,8999,12999,true,true,assets/womens_velvet_lehnga.png,1,"Contemporary Velvet Lehnga",active
womens-contemporary-velvet-lehnga,,,,,,,,M,,Midnight Black,UV-WOM-VELVET-LEHNGA-MID-M,300,shopify,50,deny,manual,8999,12999,true,true,,,,
womens-contemporary-velvet-lehnga,,,,,,,,L,,Midnight Black,UV-WOM-VELVET-LEHNGA-MID-L,300,shopify,50,deny,manual,8999,12999,true,true,,,,
womens-contemporary-velvet-lehnga,,,,,,,,XL,,Midnight Black,UV-WOM-VELVET-LEHNGA-MID-XL,300,shopify,50,deny,manual,8999,12999,true,true,,,,
womens-contemporary-velvet-lehnga,,,,,,,,S,,Coral Red,UV-WOM-VELVET-LEHNGA-COR-S,300,shopify,50,deny,manual,8999,12999,true,true,,,,
womens-contemporary-velvet-lehnga,,,,,,,,M,,Coral Red,UV-WOM-VELVET-LEHNGA-COR-M,300,shopify,50,deny,manual,8999,12999,true,true,,,,
womens-contemporary-velvet-lehnga,,,,,,,,L,,Coral Red,UV-WOM-VELVET-LEHNGA-COR-L,300,shopify,50,deny,manual,8999,12999,true,true,,,,
womens-contemporary-velvet-lehnga,,,,,,,,XL,,Coral Red,UV-WOM-VELVET-LEHNGA-COR-XL,300,shopify,50,deny,manual,8999,12999,true,true,,,,
womens-contemporary-velvet-lehnga,,,,,,,,S,,Soft Ivory,UV-WOM-VELVET-LEHNGA-SOF-S,300,shopify,50,deny,manual,8999,12999,true,true,,,,
womens-contemporary-velvet-lehnga,,,,,,,,M,,Soft Ivory,UV-WOM-VELVET-LEHNGA-SOF-M,300,shopify,50,deny,manual,8999,12999,true,true,,,,
womens-contemporary-velvet-lehnga,,,,,,,,L,,Soft Ivory,UV-WOM-VELVET-LEHNGA-SOF-L,300,shopify,50,deny,manual,8999,12999,true,true,,,,
womens-contemporary-velvet-lehnga,,,,,,,,XL,,Soft Ivory,UV-WOM-VELVET-LEHNGA-SOF-XL,300,shopify,50,deny,manual,8999,12999,true,true,,,,
mens-linen-casual-shirt,"Men's Linen Casual Shirt","Premium, lightweight summer linen shirt with an open camp collar, split hem, and dropped shoulders. Tailored for relaxed streetwear coordination.",Urban Vogue,Shirt,"Men, Shirt, Linen, Summer Cut",true,Size,S,Color,Soft Ivory,UV-M-LINEN-SHIRT-SOF-S,300,shopify,50,deny,manual,1999,2999,true,true,assets/mens_linen_shirt.png,1,"Men's Linen Casual Shirt",active
mens-linen-casual-shirt,,,,,,,,M,,Soft Ivory,UV-M-LINEN-SHIRT-SOF-M,300,shopify,50,deny,manual,1999,2999,true,true,,,,
mens-linen-casual-shirt,,,,,,,,L,,Soft Ivory,UV-M-LINEN-SHIRT-SOF-L,300,shopify,50,deny,manual,1999,2999,true,true,,,,
mens-linen-casual-shirt,,,,,,,,XL,,Soft Ivory,UV-M-LINEN-SHIRT-SOF-XL,300,shopify,50,deny,manual,1999,2999,true,true,,,,
mens-linen-casual-shirt,,,,,,,,XXL,,Soft Ivory,UV-M-LINEN-SHIRT-SOF-XXL,300,shopify,50,deny,manual,1999,2999,true,true,,,,
mens-linen-casual-shirt,,,,,,,,S,,Sage Green,UV-M-LINEN-SHIRT-SAG-S,300,shopify,50,deny,manual,1999,2999,true,true,,,,
mens-linen-casual-shirt,,,,,,,,M,,Sage Green,UV-M-LINEN-SHIRT-SAG-M,300,shopify,50,deny,manual,1999,2999,true,true,,,,
mens-linen-casual-shirt,,,,,,,,L,,Sage Green,UV-M-LINEN-SHIRT-SAG-L,300,shopify,50,deny,manual,1999,2999,true,true,,,,
mens-linen-casual-shirt,,,,,,,,XL,,Sage Green,UV-M-LINEN-SHIRT-SAG-XL,300,shopify,50,deny,manual,1999,2999,true,true,,,,
mens-linen-casual-shirt,,,,,,,,XXL,,Sage Green,UV-M-LINEN-SHIRT-SAG-XXL,300,shopify,50,deny,manual,1999,2999,true,true,,,,
mens-linen-casual-shirt,,,,,,,,S,,Midnight Black,UV-M-LINEN-SHIRT-MID-S,300,shopify,50,deny,manual,1999,2999,true,true,,,,
mens-linen-casual-shirt,,,,,,,,M,,Midnight Black,UV-M-LINEN-SHIRT-MID-M,300,shopify,50,deny,manual,1999,2999,true,true,,,,
mens-linen-casual-shirt,,,,,,,,L,,Midnight Black,UV-M-LINEN-SHIRT-MID-L,300,shopify,50,deny,manual,1999,2999,true,true,,,,
mens-linen-casual-shirt,,,,,,,,XL,,Midnight Black,UV-M-LINEN-SHIRT-MID-XL,300,shopify,50,deny,manual,1999,2999,true,true,,,,
mens-linen-casual-shirt,,,,,,,,XXL,,Midnight Black,UV-M-LINEN-SHIRT-MID-XXL,300,shopify,50,deny,manual,1999,2999,true,true,,,,
mens-cargo-pant,"Men's Cargo Pant","Tough ripstop canvas cargo trousers with adjustable ankle strap buckles, 6-pocket utility, and double-reinforced seat panel.",Urban Vogue,Pant,"Men, Pant, Cargo, Streetwear, Best Sellers",true,Size,S,Color,Charcoal Black,UV-M-CARGO-PANT-CHA-S,300,shopify,50,deny,manual,2499,3499,true,true,assets/mens_cargo_pant.png,1,"Men's Cargo Pant",active
mens-cargo-pant,,,,,,,,M,,Charcoal Black,UV-M-CARGO-PANT-CHA-M,300,shopify,50,deny,manual,2499,3499,true,true,,,,
mens-cargo-pant,,,,,,,,L,,Charcoal Black,UV-M-CARGO-PANT-CHA-L,300,shopify,50,deny,manual,2499,3499,true,true,,,,
mens-cargo-pant,,,,,,,,XL,,Charcoal Black,UV-M-CARGO-PANT-CHA-XL,300,shopify,50,deny,manual,2499,3499,true,true,,,,
mens-cargo-pant,,,,,,,,XXL,,Charcoal Black,UV-M-CARGO-PANT-CHA-XXL,300,shopify,50,deny,manual,2499,3499,true,true,,,,
mens-cargo-pant,,,,,,,,S,,Sage Green,UV-M-CARGO-PANT-SAG-S,300,shopify,50,deny,manual,2499,3499,true,true,,,,
mens-cargo-pant,,,,,,,,M,,Sage Green,UV-M-CARGO-PANT-SAG-M,300,shopify,50,deny,manual,2499,3499,true,true,,,,
mens-cargo-pant,,,,,,,,L,,Sage Green,UV-M-CARGO-PANT-SAG-L,300,shopify,50,deny,manual,2499,3499,true,true,,,,
mens-cargo-pant,,,,,,,,XL,,Sage Green,UV-M-CARGO-PANT-SAG-XL,300,shopify,50,deny,manual,2499,3499,true,true,,,,
mens-cargo-pant,,,,,,,,XXL,,Sage Green,UV-M-CARGO-PANT-SAG-XXL,300,shopify,50,deny,manual,2499,3499,true,true,,,,
mens-chino-trouser,"Men's Chino Trouser","Smart-casual streetwear trousers made from premium double-brushed cotton twill. Features structured front pleats and clean back welt pockets.",Urban Vogue,Trouser,"Men, Trouser, Chino, Premium",true,Size,S,Color,Charcoal Black,UV-M-CHINO-TROUSER-CHA-S,300,shopify,50,deny,manual,2299,3199,true,true,assets/mens_chino_trouser.png,1,"Men's Chino Trouser",active
mens-chino-trouser,,,,,,,,M,,Charcoal Black,UV-M-CHINO-TROUSER-CHA-M,300,shopify,50,deny,manual,2299,3199,true,true,,,,
mens-chino-trouser,,,,,,,,L,,Charcoal Black,UV-M-CHINO-TROUSER-CHA-L,300,shopify,50,deny,manual,2299,3199,true,true,,,,
mens-chino-trouser,,,,,,,,XL,,Charcoal Black,UV-M-CHINO-TROUSER-CHA-XL,300,shopify,50,deny,manual,2299,3199,true,true,,,,
mens-chino-trouser,,,,,,,,XXL,,Charcoal Black,UV-M-CHINO-TROUSER-CHA-XXL,300,shopify,50,deny,manual,2299,3199,true,true,,,,
mens-chino-trouser,,,,,,,,S,,Soft Ivory,UV-M-CHINO-TROUSER-SOF-S,300,shopify,50,deny,manual,2299,3199,true,true,,,,
mens-chino-trouser,,,,,,,,M,,Soft Ivory,UV-M-CHINO-TROUSER-SOF-M,300,shopify,50,deny,manual,2299,3199,true,true,,,,
mens-chino-trouser,,,,,,,,L,,Soft Ivory,UV-M-CHINO-TROUSER-SOF-L,300,shopify,50,deny,manual,2299,3199,true,true,,,,
mens-chino-trouser,,,,,,,,XL,,Soft Ivory,UV-M-CHINO-TROUSER-SOF-XL,300,shopify,50,deny,manual,2299,3199,true,true,,,,
mens-chino-trouser,,,,,,,,XXL,,Soft Ivory,UV-M-CHINO-TROUSER-SOF-XXL,300,shopify,50,deny,manual,2299,3199,true,true,,,,
womens-floral-organza-saree,"Women's Floral Organza Saree","An ethereal organza saree featuring hand-painted botanical prints and minimal embroidered borders. Includes a contrast raw-silk blouse fabric.",Urban Vogue,Saree,"Women, Saree, Organza, Floral, Exclusive",true,Size,Free Size,Color,Soft Ivory,UV-WOM-ORGANZA-SAREE-SOF-FREESIZE,300,shopify,50,deny,manual,3999,5499,true,true,assets/womens_organza_saree.png,1,"Women's Floral Organza Saree",active
womens-floral-organza-saree,,,,,,,,Free Size,,Sunset Peach,UV-WOM-ORGANZA-SAREE-SUN-FREESIZE,300,shopify,50,deny,manual,3999,5499,true,true,,,,
womens-hand-block-kurti,"Women's Hand-Block Kurti","Premium organic cotton kurti adorned with traditional hand-block indigo and rust prints. Tailored with dropped shoulders and split utility cuffs.",Urban Vogue,Kurti,"Women, Kurti, Block Print, Organic, New Drop",true,Size,XS,Color,Coral Red,UV-WOM-BLOCK-KURTI-COR-XS,300,shopify,50,deny,manual,1499,2199,true,true,assets/womens_block_kurti.png,1,"Women's Hand-Block Kurti",active
womens-hand-block-kurti,,,,,,,,S,,Coral Red,UV-WOM-BLOCK-KURTI-COR-S,300,shopify,50,deny,manual,1499,2199,true,true,,,,
womens-hand-block-kurti,,,,,,,,M,,Coral Red,UV-WOM-BLOCK-KURTI-COR-M,300,shopify,50,deny,manual,1499,2199,true,true,,,,
womens-hand-block-kurti,,,,,,,,L,,Coral Red,UV-WOM-BLOCK-KURTI-COR-L,300,shopify,50,deny,manual,1499,2199,true,true,,,,
womens-hand-block-kurti,,,,,,,,XL,,Coral Red,UV-WOM-BLOCK-KURTI-COR-XL,300,shopify,50,deny,manual,1499,2199,true,true,,,,
womens-hand-block-kurti,,,,,,,,XXL,,Coral Red,UV-WOM-BLOCK-KURTI-COR-XXL,300,shopify,50,deny,manual,1499,2199,true,true,,,,
womens-hand-block-kurti,,,,,,,,XS,,Soft Ivory,UV-WOM-BLOCK-KURTI-SOF-XS,300,shopify,50,deny,manual,1499,2199,true,true,,,,
womens-hand-block-kurti,,,,,,,,S,,Soft Ivory,UV-WOM-BLOCK-KURTI-SOF-S,300,shopify,50,deny,manual,1499,2199,true,true,,,,
womens-hand-block-kurti,,,,,,,,M,,Soft Ivory,UV-WOM-BLOCK-KURTI-SOF-M,300,shopify,50,deny,manual,1499,2199,true,true,,,,
womens-hand-block-kurti,,,,,,,,L,,Soft Ivory,UV-WOM-BLOCK-KURTI-SOF-L,300,shopify,50,deny,manual,1499,2199,true,true,,,,
womens-hand-block-kurti,,,,,,,,XL,,Soft Ivory,UV-WOM-BLOCK-KURTI-SOF-XL,300,shopify,50,deny,manual,1499,2199,true,true,,,,
womens-hand-block-kurti,,,,,,,,XXL,,Soft Ivory,UV-WOM-BLOCK-KURTI-SOF-XXL,300,shopify,50,deny,manual,1499,2199,true,true,,,,
womens-hand-block-kurti,,,,,,,,XS,,Sage Green,UV-WOM-BLOCK-KURTI-SAG-XS,300,shopify,50,deny,manual,1499,2199,true,true,,,,
womens-hand-block-kurti,,,,,,,,S,,Sage Green,UV-WOM-BLOCK-KURTI-SAG-S,300,shopify,50,deny,manual,1499,2199,true,true,,,,
womens-hand-block-kurti,,,,,,,,M,,Sage Green,UV-WOM-BLOCK-KURTI-SAG-M,300,shopify,50,deny,manual,1499,2199,true,true,,,,
womens-hand-block-kurti,,,,,,,,L,,Sage Green,UV-WOM-BLOCK-KURTI-SAG-L,300,shopify,50,deny,manual,1499,2199,true,true,,,,
womens-hand-block-kurti,,,,,,,,XL,,Sage Green,UV-WOM-BLOCK-KURTI-SAG-XL,300,shopify,50,deny,manual,1499,2199,true,true,,,,
womens-hand-block-kurti,,,,,,,,XXL,,Sage Green,UV-WOM-BLOCK-KURTI-SAG-XXL,300,shopify,50,deny,manual,1499,2199,true,true,,,,
womens-georgette-lehnga,"Women's Georgette Lehnga","A lightweight flowing georgette lehnga featuring delicate gold foil printing, a fully lined panelled skirt, crop blouse, and matching sheer dupatta.",Urban Vogue,Lehnga,"Women, Lehnga, Georgette, Party Wear, Luxury",true,Size,S,Color,Soft Ivory,UV-WOM-GEORGETTE-LEHNGA-SOF-S,300,shopify,50,deny,manual,7999,10999,true,true,assets/womens_georgette_lehnga.png,1,"Women's Georgette Lehnga",active
womens-georgette-lehnga,,,,,,,,M,,Soft Ivory,UV-WOM-GEORGETTE-LEHNGA-SOF-M,300,shopify,50,deny,manual,7999,10999,true,true,,,,
womens-georgette-lehnga,,,,,,,,L,,Soft Ivory,UV-WOM-GEORGETTE-LEHNGA-SOF-L,300,shopify,50,deny,manual,7999,10999,true,true,,,,
womens-georgette-lehnga,,,,,,,,XL,,Soft Ivory,UV-WOM-GEORGETTE-LEHNGA-SOF-XL,300,shopify,50,deny,manual,7999,10999,true,true,,,,
womens-georgette-lehnga,,,,,,,,S,,Sunset Peach,UV-WOM-GEORGETTE-LEHNGA-SUN-S,300,shopify,50,deny,manual,7999,10999,true,true,,,,
womens-georgette-lehnga,,,,,,,,M,,Sunset Peach,UV-WOM-GEORGETTE-LEHNGA-SUN-M,300,shopify,50,deny,manual,7999,10999,true,true,,,,
womens-georgette-lehnga,,,,,,,,L,,Sunset Peach,UV-WOM-GEORGETTE-LEHNGA-SUN-L,300,shopify,50,deny,manual,7999,10999,true,true,,,,
womens-georgette-lehnga,,,,,,,,XL,,Sunset Peach,UV-WOM-GEORGETTE-LEHNGA-SUN-XL,300,shopify,50,deny,manual,7999,10999,true,true,,,,
womens-georgette-lehnga,,,,,,,,S,,Coral Red,UV-WOM-GEORGETTE-LEHNGA-COR-S,300,shopify,50,deny,manual,7999,10999,true,true,,,,
womens-georgette-lehnga,,,,,,,,M,,Coral Red,UV-WOM-GEORGETTE-LEHNGA-COR-M,300,shopify,50,deny,manual,7999,10999,true,true,,,,
womens-georgette-lehnga,,,,,,,,L,,Coral Red,UV-WOM-GEORGETTE-LEHNGA-COR-L,300,shopify,50,deny,manual,7999,10999,true,true,,,,
womens-georgette-lehnga,,,,,,,,XL,,Coral Red,UV-WOM-GEORGETTE-LEHNGA-COR-XL,300,shopify,50,deny,manual,7999,10999,true,true,,,,
kids-cotton-summer-frock,"Kids' Cotton Summer Frock","A lightweight, breathable organic cotton tiered summer frock. Tagless collar design and non-toxic soft-brushed elastic for all-day play comfort.",Urban Vogue,Frock,"Kids, Frock, Cotton, Summer, Cozy Fit",true,Size,XS,Color,Sunset Peach,UV-K-SUMMER-FROCK-SUN-XS,300,shopify,50,deny,manual,1299,1799,true,true,assets/kids_summer_frock.png,1,"Kids' Cotton Summer Frock",active
kids-cotton-summer-frock,,,,,,,,S,,Sunset Peach,UV-K-SUMMER-FROCK-SUN-S,300,shopify,50,deny,manual,1299,1799,true,true,,,,
kids-cotton-summer-frock,,,,,,,,M,,Sunset Peach,UV-K-SUMMER-FROCK-SUN-M,300,shopify,50,deny,manual,1299,1799,true,true,,,,
kids-cotton-summer-frock,,,,,,,,L,,Sunset Peach,UV-K-SUMMER-FROCK-SUN-L,300,shopify,50,deny,manual,1299,1799,true,true,,,,
kids-cotton-summer-frock,,,,,,,,XL,,Sunset Peach,UV-K-SUMMER-FROCK-SUN-XL,300,shopify,50,deny,manual,1299,1799,true,true,,,,
kids-cotton-summer-frock,,,,,,,,XXL,,Sunset Peach,UV-K-SUMMER-FROCK-SUN-XXL,300,shopify,50,deny,manual,1299,1799,true,true,,,,
kids-cotton-summer-frock,,,,,,,,XS,,Soft Ivory,UV-K-SUMMER-FROCK-SOF-XS,300,shopify,50,deny,manual,1299,1799,true,true,,,,
kids-cotton-summer-frock,,,,,,,,S,,Soft Ivory,UV-K-SUMMER-FROCK-SOF-S,300,shopify,50,deny,manual,1299,1799,true,true,,,,
kids-cotton-summer-frock,,,,,,,,M,,Soft Ivory,UV-K-SUMMER-FROCK-SOF-M,300,shopify,50,deny,manual,1299,1799,true,true,,,,
kids-cotton-summer-frock,,,,,,,,L,,Soft Ivory,UV-K-SUMMER-FROCK-SOF-L,300,shopify,50,deny,manual,1299,1799,true,true,,,,
kids-cotton-summer-frock,,,,,,,,XL,,Soft Ivory,UV-K-SUMMER-FROCK-SOF-XL,300,shopify,50,deny,manual,1299,1799,true,true,,,,
kids-cotton-summer-frock,,,,,,,,XXL,,Soft Ivory,UV-K-SUMMER-FROCK-SOF-XXL,300,shopify,50,deny,manual,1299,1799,true,true,,,,
kids-denim-shirt-pant-set,"Kids' Denim Shirt & Pant Set","A double-stitched cotton denim utility shirt paired with relaxed stretch denim pants. Features snap buttons and an adjustable inner waistband.",Urban Vogue,Pant Shirt,"Kids, Set, Denim, Shirt, Pant, Mini Drop",true,Size,XS,Color,Charcoal Black,UV-K-DENIM-SET-CHA-XS,300,shopify,50,deny,manual,1799,2499,true,true,assets/kids_denim_set.png,1,"Kids' Denim Shirt & Pant Set",active
kids-denim-shirt-pant-set,,,,,,,,S,,Charcoal Black,UV-K-DENIM-SET-CHA-S,300,shopify,50,deny,manual,1799,2499,true,true,,,,
kids-denim-shirt-pant-set,,,,,,,,M,,Charcoal Black,UV-K-DENIM-SET-CHA-M,300,shopify,50,deny,manual,1799,2499,true,true,,,,
kids-denim-shirt-pant-set,,,,,,,,L,,Charcoal Black,UV-K-DENIM-SET-CHA-L,300,shopify,50,deny,manual,1799,2499,true,true,,,,
kids-denim-shirt-pant-set,,,,,,,,XL,,Charcoal Black,UV-K-DENIM-SET-CHA-XL,300,shopify,50,deny,manual,1799,2499,true,true,,,,
kids-denim-shirt-pant-set,,,,,,,,XXL,,Charcoal Black,UV-K-DENIM-SET-CHA-XXL,300,shopify,50,deny,manual,1799,2499,true,true,,,,
kids-denim-shirt-pant-set,,,,,,,,XS,,Soft Ivory,UV-K-DENIM-SET-SOF-XS,300,shopify,50,deny,manual,1799,2499,true,true,,,,
kids-denim-shirt-pant-set,,,,,,,,S,,Soft Ivory,UV-K-DENIM-SET-SOF-S,300,shopify,50,deny,manual,1799,2499,true,true,,,,
kids-denim-shirt-pant-set,,,,,,,,M,,Soft Ivory,UV-K-DENIM-SET-SOF-M,300,shopify,50,deny,manual,1799,2499,true,true,,,,
kids-denim-shirt-pant-set,,,,,,,,L,,Soft Ivory,UV-K-DENIM-SET-SOF-L,300,shopify,50,deny,manual,1799,2499,true,true,,,,
kids-denim-shirt-pant-set,,,,,,,,XL,,Soft Ivory,UV-K-DENIM-SET-SOF-XL,300,shopify,50,deny,manual,1799,2499,true,true,,,,
kids-denim-shirt-pant-set,,,,,,,,XXL,,Soft Ivory,UV-K-DENIM-SET-SOF-XXL,300,shopify,50,deny,manual,1799,2499,true,true,,,,
kids-fleece-co-ord-set,"Kids' Fleece Co-Ord Set","A cozy two-piece co-ord set made from soft-brushed organic cotton fleece. Features a crewneck sweatshirt and matching joggers with secure cuffs.",Urban Vogue,Co-Ord Set,"Kids, Set, Fleece, Co-Ord, Daily Play",true,Size,XS,Color,Midnight Black,UV-K-FLEECE-COORD-MID-XS,300,shopify,50,deny,manual,1499,1999,true,true,assets/kids_fleece_coord.png,1,"Kids' Fleece Co-Ord Set",active
kids-fleece-co-ord-set,,,,,,,,S,,Midnight Black,UV-K-FLEECE-COORD-MID-S,300,shopify,50,deny,manual,1499,1999,true,true,,,,
kids-fleece-co-ord-set,,,,,,,,M,,Midnight Black,UV-K-FLEECE-COORD-MID-M,300,shopify,50,deny,manual,1499,1999,true,true,,,,
kids-fleece-co-ord-set,,,,,,,,L,,Midnight Black,UV-K-FLEECE-COORD-MID-L,300,shopify,50,deny,manual,1499,1999,true,true,,,,
kids-fleece-co-ord-set,,,,,,,,XL,,Midnight Black,UV-K-FLEECE-COORD-MID-XL,300,shopify,50,deny,manual,1499,1999,true,true,,,,
kids-fleece-co-ord-set,,,,,,,,XXL,,Midnight Black,UV-K-FLEECE-COORD-MID-XXL,300,shopify,50,deny,manual,1499,1999,true,true,,,,
kids-fleece-co-ord-set,,,,,,,,XS,,Coral Red,UV-K-FLEECE-COORD-COR-XS,300,shopify,50,deny,manual,1499,1999,true,true,,,,
kids-fleece-co-ord-set,,,,,,,,S,,Coral Red,UV-K-FLEECE-COORD-COR-S,300,shopify,50,deny,manual,1499,1999,true,true,,,,
kids-fleece-co-ord-set,,,,,,,,M,,Coral Red,UV-K-FLEECE-COORD-COR-M,300,shopify,50,deny,manual,1499,1999,true,true,,,,
kids-fleece-co-ord-set,,,,,,,,L,,Coral Red,UV-K-FLEECE-COORD-COR-L,300,shopify,50,deny,manual,1499,1999,true,true,,,,
kids-fleece-co-ord-set,,,,,,,,XL,,Coral Red,UV-K-FLEECE-COORD-COR-XL,300,shopify,50,deny,manual,1499,1999,true,true,,,,
kids-fleece-co-ord-set,,,,,,,,XXL,,Coral Red,UV-K-FLEECE-COORD-COR-XXL,300,shopify,50,deny,manual,1499,1999,true,true,,,,
kids-fleece-co-ord-set,,,,,,,,XS,,Soft Ivory,UV-K-FLEECE-COORD-SOF-XS,300,shopify,50,deny,manual,1499,1999,true,true,,,,
kids-fleece-co-ord-set,,,,,,,,S,,Soft Ivory,UV-K-FLEECE-COORD-SOF-S,300,shopify,50,deny,manual,1499,1999,true,true,,,,
kids-fleece-co-ord-set,,,,,,,,M,,Soft Ivory,UV-K-FLEECE-COORD-SOF-M,300,shopify,50,deny,manual,1499,1999,true,true,,,,
kids-fleece-co-ord-set,,,,,,,,L,,Soft Ivory,UV-K-FLEECE-COORD-SOF-L,300,shopify,50,deny,manual,1499,1999,true,true,,,,
kids-fleece-co-ord-set,,,,,,,,XL,,Soft Ivory,UV-K-FLEECE-COORD-SOF-XL,300,shopify,50,deny,manual,1499,1999,true,true,,,,
kids-fleece-co-ord-set,,,,,,,,XXL,,Soft Ivory,UV-K-FLEECE-COORD-SOF-XXL,300,shopify,50,deny,manual,1499,1999,true,true,,,,